{
  "N": 7,
  "tolerance": 1e-10,
  "results": {
    "differential-evolution": {
      "method": "Differential Evolution",
      "lambda_full": [
        0.6312742825857081,
        0.017155910917225015,
        1.9178241920821941,
        4.944113261310171,
        4.944113261310171,
        1.9178241920821941,
        0.017155910917225015
      ],
      "objective_value": 7.186222401492093e-30,
      "success": false,
      "iterations": 1000,
      "solve_time": 15.63744592666626,
      "verification": {
        "is_valid": true,
        "max_residual": 2.3869795029440866e-15,
        "mean_residual": 7.077671781985373e-16,
        "tolerance": 1e-10,
        "equations_checked": 7,
        "residuals_by_d": [
          6.661338147750939e-16,
          7.91033905045424e-16,
          2.220446049250313e-16,
          2.220446049250313e-16,
          2.3869795029440866e-15,
          5.551115123125783e-16,
          1.1102230246251565e-16
        ]
      },
      "is_multi_run": true,
      "total_runs": 10,
      "successful_runs": 10,
      "verified_runs": 10,
      "stored_runs": 10,
      "unique_solutions": 10,
      "all_runs": [
        {
          "run_number": 1,
          "seed_used": 42,
          "lambda_full": [
            0.4071324521719091,
            3.9975240562745302,
            2.2023282542232194,
            1.3047303531975651,
            1.3047303531975651,
            2.2023282542232194,
            3.9975240562745302
          ],
          "objective_value": 1.2607137415958846e-29,
          "success": false,
          "iterations": 1000,
          "solve_time": 15.396414995193481,
          "verification": {
            "is_valid": true,
            "max_residual": 2.3314683517128287e-15,
            "mean_residual": 1.058676955624703e-15,
            "tolerance": 1e-10,
            "equations_checked": 7,
            "residuals_by_d": [
              9.992007221626409e-16,
              3.3306690738754696e-16,
              5.828670879282072e-16,
              2.3314683517128287e-15,
              8.881784197001252e-16,
              2.220446049250313e-15,
              5.551115123125783e-17
            ]
          }
        },
        {
          "run_number": 2,
          "seed_used": 1042,
          "lambda_full": [
            2.257641037119347,
            3.5441909466158354,
            0.2872947086642248,
            1.6435226654508652,
            1.6435226654508652,
            0.2872947086642248,
            3.5441909466158354
          ],
          "objective_value": 8.027276008205999e-30,
          "success": false,
          "iterations": 1000,
          "solve_time": 15.496046304702759,
          "verification": {
            "is_valid": true,
            "max_residual": 1.9984014443252818e-15,
            "mean_residual": 8.643879263153004e-16,
            "tolerance": 1e-10,
            "equations_checked": 7,
            "residuals_by_d": [
              1.27675647831893e-15,
              1.9984014443252818e-15,
              1.3322676295501878e-15,
              1.1102230246251565e-16,
              5.551115123125783e-16,
              4.440892098500626e-16,
              3.3306690738754696e-16
            ]
          }
        },
        {
          "run_number": 3,
          "seed_used": 2042,
          "lambda_full": [
            5.352850213215516,
            1.040011234491053,
            5.966968584884,
            4.06630030371903,
            4.06630030371903,
            5.966968584884,
            1.040011234491053
          ],
          "objective_value": 5.0170475051287494e-29,
          "success": true,
          "iterations": 915,
          "solve_time": 14.114803552627563,
          "verification": {
            "is_valid": true,
            "max_residual": 3.552713678800501e-15,
            "mean_residual": 2.525757381022231e-15,
            "tolerance": 1e-10,
            "equations_checked": 7,
            "residuals_by_d": [
              3.552713678800501e-15,
              2.942091015256665e-15,
              3.552713678800501e-15,
              1.5543122344752192e-15,
              2.858824288409778e-15,
              1.1102230246251565e-15,
              2.1094237467877974e-15
            ]
          }
        },
        {
          "run_number": 4,
          "seed_used": 3042,
          "lambda_full": [
            2.8443687061412044,
            0.15157500306423888,
            4.639564508192516,
            3.7419666071668596,
            3.7419666071668596,
            4.639564508192516,
            0.15157500306423888
          ],
          "objective_value": 1.5685543839067404e-29,
          "success": true,
          "iterations": 635,
          "solve_time": 9.791548728942871,
          "verification": {
            "is_valid": true,
            "max_residual": 2.4424906541753444e-15,
            "mean_residual": 1.2569310671649093e-15,
            "tolerance": 1e-10,
            "equations_checked": 7,
            "residuals_by_d": [
              1.2212453270876722e-15,
              2.220446049250313e-16,
              2.1371793224034263e-15,
              2.4424906541753444e-15,
              8.881784197001252e-16,
              1.6653345369377348e-15,
              2.220446049250313e-16
            ]
          }
        },
        {
          "run_number": 5,
          "seed_used": 4042,
          "lambda_full": [
            0.6312742825857081,
            0.017155910917225015,
            1.9178241920821941,
            4.944113261310171,
            4.944113261310171,
            1.9178241920821941,
            0.017155910917225015
          ],
          "objective_value": 7.186222401492093e-30,
          "success": false,
          "iterations": 1000,
          "solve_time": 15.63744592666626,
          "verification": {
            "is_valid": true,
            "max_residual": 2.3869795029440866e-15,
            "mean_residual": 7.077671781985373e-16,
            "tolerance": 1e-10,
            "equations_checked": 7,
            "residuals_by_d": [
              6.661338147750939e-16,
              7.91033905045424e-16,
              2.220446049250313e-16,
              2.220446049250313e-16,
              2.3869795029440866e-15,
              5.551115123125783e-16,
              1.1102230246251565e-16
            ]
          }
        },
        {
          "run_number": 6,
          "seed_used": 5042,
          "lambda_full": [
            6.28189991750702,
            4.4867041154557095,
            5.384302016481365,
            2.691508313404399,
            2.691508313404399,
            5.384302016481365,
            4.4867041154557095
          ],
          "objective_value": 1.935867742900274e-29,
          "success": true,
          "iterations": 789,
          "solve_time": 12.234214544296265,
          "verification": {
            "is_valid": true,
            "max_residual": 3.3306690738754696e-15,
            "mean_residual": 1.3758835340890332e-15,
            "tolerance": 1e-10,
            "equations_checked": 7,
            "residuals_by_d": [
              1.3322676295501878e-15,
              1.6653345369377348e-15,
              1.3322676295501878e-15,
              8.326672684688674e-17,
              1.2212453270876722e-15,
              6.661338147750939e-16,
              3.3306690738754696e-15
            ]
          }
        },
        {
          "run_number": 7,
          "seed_used": 6042,
          "lambda_full": [
            2.6143266144273603,
            3.511924515453015,
            6.204718218529981,
            4.40952241647867,
            4.40952241647867,
            6.204718218529981,
            3.511924515453015
          ],
          "objective_value": 1.7915770714667823e-29,
          "success": true,
          "iterations": 762,
          "solve_time": 11.909870386123657,
          "verification": {
            "is_valid": true,
            "max_residual": 3.219646771412954e-15,